count_mar_2000, lga_code16, count_mar_2003, count_mar_2004, count_mar_2001, count_mar_2002, count_mar_2007, count_mar_2008, count_mar_2005, count_mar_2006, count_mar_2009, count_dec_1999, count_sep_2011, count_sep_2010, count_sep_2014, count_sep_2015, count_sep_2012, count_sep_2013, count_sep_2016, count_sep_2017, lga_name16, count_dec_2016, median_dec_2016, median_dec_2015, median_dec_2014, median_dec_2013, median_dec_2012, median_dec_2011, count_sep_2000, count_sep_2005, count_sep_2006, count_sep_2007, count_sep_2008, count_sep_2001, count_sep_2002, count_sep_2003, count_sep_2004, median_dec_2010, count_dec_2010, count_dec_2011, count_dec_2012, count_sep_2009, count_dec_2013, count_dec_2014, count_dec_2015, count_dec_2008, count_dec_2007, count_dec_2006, count_sep_1999, count_dec_2005, median_dec_1999, count_dec_2009, count_mar_2011, count_mar_2010, count_mar_2016, count_mar_2017, count_mar_2012, count_mar_2013, count_mar_2014, count_mar_2015, count_jun_1999, count_dec_2000, count_dec_2003, count_dec_2004, count_dec_2001, count_dec_2002, count_jun_2014, count_jun_2013, count_jun_2016, count_jun_2015, count_jun_2010, count_jun_2012, count_jun_2011, median_sep_2002, median_sep_2003, median_sep_2000, median_sep_2001, count_jun_2017, median_sep_2008, median_sep_2009, median_sep_2006, median_sep_2007, median_sep_2004, median_sep_2005, median_dec_2008, median_dec_2009, median_dec_2000, median_dec_2001, median_dec_2002, median_dec_2003, median_dec_2004, median_dec_2005, median_dec_2006, median_dec_2007, median_sep_2011, median_sep_2012, median_sep_2013, median_sep_2014, median_sep_2010, median_sep_2015, median_sep_2016, median_sep_2017, median_jun_2009, median_jun_2005, median_jun_2006, median_jun_2007, median_jun_2008, median_jun_2001, median_jun_2002, median_jun_2003, median_jun_2004, median_jun_2000, median_mar_2010, median_mar_2011, median_mar_2012, median_mar_2013, median_mar_2014, median_jun_1999, median_mar_2015, median_mar_2016, median_mar_2017, count_jun_2001, count_jun_2000, median_jun_2016, median_jun_2017, median_jun_2014, count_jun_2005, median_jun_2015, count_jun_2004, median_jun_2012, count_jun_2003, median_jun_2013, count_jun_2002, median_jun_2011, count_jun_2008, median_jun_2010, count_jun_2009, count_jun_2006, count_jun_2007, median_mar_2002, median_mar_2003, median_mar_2000, median_mar_2001, median_mar_2006, median_mar_2007, median_mar_2004, median_mar_2005, median_sep_1999, median_mar_2008, median_mar_2009
null,"26260",null,null,null,null,null,null,null,null,null,null,null,null,null,null,null,null,null,null,"Southern Grampians (S)",null,null,null,null,null,null,null,null,null,null,null,null,null,null,null,null,null,null,null,null,null,null,null,null,null,5,null,null,null,null,null,null,8,null,null,null,null,null,null,null,null,null,null,null,null,null,null,null,null,null,null,null,null,null,null,null,null,null,null,null,null,null,null,null,null,null,null,null,null,null,null,null,230,null,null,null,null,null,null,null,null,null,null,null,null,null,null,null,null,null,null,245,null,null,null,null,null,null,null,null,null,null,null,null,null,null,null,null,null,null,null,null,null,null,null,null,null,null,null,null,null,null,null,null,null,null,null,null,null
100,"26350",107,123,92,106,58,92,106,66,90,60,108,73,97,106,95,110,112,123,"Stonnington (C)",117,660,600,600,580,600,620,71,56,42,56,68,79,68,73,75,530,85,77,88,68,91,111,100,48,66,33,75,53,320,69,83,83,154,132,120,115,156,173,61,47,61,59,66,68,92,85,91,114,73,87,77,340,340,350,340,108,463,540,395,450,340,350,475,550,320,350,340,365,340,350,390,450,610,595,600,615,545,598,650,700,550,375,398,440,473,330,335,360,350,360,550,540,580,600,560,290,595,650,655,75,73,680,718,600,51,678,54,630,58,620,60,550,82,550,45,30,45,350,350,320,330,353,383,350,330,300,443,480
null,"26430",null,null,null,null,null,null,null,null,null,null,null,null,null,null,null,null,null,null,"Strathbogie (S)",null,null,null,null,null,null,null,null,null,null,null,null,null,null,null,null,null,null,null,null,null,null,null,null,null,null,null,null,null,null,null,null,null,null,null,null,null,null,null,null,null,null,null,null,null,null,null,null,null,null,null,null,null,null,null,null,null,null,null,null,null,null,null,null,null,null,null,null,null,null,null,null,null,null,null,null,null,null,null,null,null,null,null,null,null,null,null,null,null,null,null,null,null,null,null,null,null,null,null,null,null,null,null,null,null,null,null,null,null,null,null,null,null,null,null,null,null,null,null,null,null,null,null,null,null,null,null,null,null
13,"26490",6,null,7,6,6,18,10,11,12,null,21,16,27,18,18,10,18,13,"Surf Coast (S)",8,368,410,410,350,380,405,18,11,16,15,null,9,11,10,11,373,8,10,15,10,19,15,21,11,13,7,6,5,null,15,13,16,7,9,7,11,11,7,7,7,11,14,12,12,13,18,13,12,12,13,16,220,220,160,170,14,null,295,280,340,220,300,320,330,165,238,250,240,265,300,340,340,350,350,355,390,350,390,420,430,315,260,280,320,283,178,170,185,185,150,328,410,365,360,350,135,430,360,475,8,9,440,400,375,15,390,10,395,10,370,9,365,10,360,6,11,11,163,260,160,150,250,298,null,255,150,345,345
null,"26610",null,null,null,null,6,null,null,null,6,null,6,null,5,5,null,null,null,null,"Swan Hill (RC)",5,260,null,null,null,null,260,null,null,null,null,5,null,null,null,null,null,null,8,null,null,null,null,null,null,null,null,null,null,null,5,5,null,null,6,7,8,7,null,null,null,null,null,null,null,7,null,6,null,null,null,null,null,null,null,null,null,240,null,null,null,null,null,null,220,null,null,null,null,null,null,null,null,261,null,null,285,null,270,null,null,null,null,null,230,280,null,null,null,null,null,null,270,320,275,300,null,null,null,285,null,null,275,null,300,null,null,null,null,null,null,null,null,6,null,null,null,5,null,null,null,null,null,230,null,null,null,null,245
null,"26670",null,null,null,null,null,null,null,null,null,null,null,null,null,null,null,null,null,null,"Towong (S)",null,null,null,null,null,null,null,null,null,null,null,null,null,null,null,null,null,null,null,null,null,null,null,null,null,null,null,null,null,null,null,null,null,null,null,null,null,null,null,null,null,null,null,null,null,null,null,null,null,null,null,null,null,null,null,null,null,null,null,null,null,null,null,null,null,null,null,null,null,null,null,null,null,null,null,null,null,null,null,null,null,null,null,null,null,null,null,null,null,null,null,null,null,null,null,null,null,null,null,null,null,null,null,null,null,null,null,null,null,null,null,null,null,null,null,null,null,null,null,null,null,null,null,null,null,null,null,null,null
null,"20110",null,null,null,null,null,null,null,null,7,null,null,null,null,5,null,null,5,null,"Alpine (S)",null,null,null,275,null,null,null,null,null,null,null,null,null,null,null,null,null,null,null,null,null,null,6,null,5,null,null,null,null,null,null,5,null,null,5,null,null,null,null,null,null,null,null,null,null,6,null,null,null,null,null,null,null,null,null,null,null,null,null,null,null,null,null,250,null,null,null,null,null,null,null,null,null,null,null,null,null,null,295,240,null,null,null,null,230,null,null,null,null,null,null,null,300,null,null,null,null,null,null,275,null,null,null,null,233,null,null,null,null,null,null,null,null,null,null,null,null,5,null,null,null,null,null,null,null,null,null,null,175
null,"20260",null,null,null,null,null,null,null,null,null,null,null,null,null,null,null,null,5,5,"Ararat (RC)",null,null,null,null,null,null,null,null,null,null,null,null,null,null,null,null,null,null,null,null,null,null,null,null,null,null,null,null,null,null,null,null,null,null,null,null,null,5,null,null,null,null,null,null,null,null,null,null,null,null,null,null,null,null,null,null,null,null,null,null,null,null,null,null,null,null,null,null,null,null,null,null,null,null,null,null,null,null,null,430,495,null,null,null,null,null,null,null,null,null,null,null,null,null,null,300,null,null,null,null,null,null,null,null,null,null,null,null,null,null,null,null,null,null,null,null,null,null,null,null,null,null,null,null,null,null,null,null,null
29,"20570",23,25,30,14,30,46,23,33,38,14,37,34,47,78,50,53,63,44,"Ballarat (C)",48,285,280,275,280,280,270,14,27,27,22,34,15,14,13,24,260,34,51,68,29,57,63,59,34,25,29,12,23,160,28,45,36,71,64,55,65,60,67,19,15,13,14,11,10,66,50,58,58,27,39,23,175,180,155,180,45,240,245,220,240,190,225,250,240,160,170,168,200,230,210,225,230,265,290,285,271,260,280,275,275,235,220,220,228,240,155,180,200,180,190,240,270,275,285,290,160,280,290,290,13,10,271,290,290,22,280,9,275,13,290,7,270,39,260,29,19,22,205,190,170,180,230,220,220,185,140,238,240
87,"20660",93,103,99,98,75,92,72,75,101,73,103,80,124,127,90,87,141,95,"Banyule (C)",108,400,410,410,390,390,390,64,79,68,68,68,84,79,79,52,360,82,101,87,85,90,91,118,53,86,62,68,64,210,77,71,82,126,156,120,133,142,131,68,68,72,59,76,62,97,79,91,97,68,97,72,245,245,220,235,95,350,360,273,320,253,260,340,360,220,243,250,260,250,270,300,320,370,370,380,400,370,410,430,445,350,270,268,318,350,230,240,250,240,238,370,380,380,380,400,200,420,415,450,61,52,420,430,390,61,380,51,370,64,380,76,395,76,370,67,62,68,240,250,210,230,275,310,250,258,210,325,350
null,"20740",5,null,null,null,8,null,6,null,8,7,10,10,19,18,16,9,16,14,"Bass Coast (S)",9,280,295,276,270,300,385,null,null,8,5,7,null,null,null,9,375,5,12,11,5,14,7,12,6,6,5,7,null,115,13,11,14,14,12,23,23,15,13,null,null,5,6,null,6,13,11,13,12,19,15,7,null,null,null,null,8,275,230,205,200,175,null,220,270,null,null,135,175,165,null,220,225,290,300,300,280,390,290,285,300,228,null,200,null,250,null,null,null,168,null,340,450,270,270,300,null,300,278,320,null,null,290,280,300,null,278,8,300,null,273,null,350,8,400,6,8,null,null,155,null,null,null,205,null,160,110,null,200
null,"20830",null,null,null,8,8,8,null,null,8,6,7,9,14,29,5,6,12,15,"Baw Baw (S)",27,300,288,285,270,270,240,null,5,9,null,7,null,null,null,7,260,9,9,8,null,12,18,12,12,9,null,null,null,125,10,9,14,14,26,10,16,15,13,7,null,6,null,null,6,21,6,17,16,10,15,9,null,null,null,null,11,200,null,195,null,165,140,210,223,null,null,160,170,null,null,null,200,245,230,260,270,235,280,290,310,205,null,null,178,210,null,null,null,null,110,233,230,240,250,250,125,255,278,295,null,5,290,310,260,null,283,null,250,null,255,null,260,17,250,8,null,6,143,null,null,null,null,188,null,null,null,205,193
57,"20910",49,28,47,39,32,48,42,36,41,46,73,60,73,76,72,69,80,70,"Bayside (C)",85,621,628,650,575,535,575,56,40,31,36,34,39,34,51,55,510,51,49,62,47,81,82,68,36,48,26,52,51,288,39,56,45,78,79,73,66,81,81,44,39,35,40,41,31,65,48,62,77,48,70,43,318,300,293,320,63,550,460,330,425,325,363,425,545,325,320,320,350,310,360,440,428,570,620,580,560,505,595,660,648,500,360,360,448,500,300,300,300,310,310,510,538,550,590,600,283,630,600,650,41,52,685,670,575,37,610,29,550,41,525,36,580,33,473,45,21,32,280,325,285,348,378,398,305,330,295,450,490
null,"21010",null,null,null,null,null,null,null,null,null,null,null,null,5,5,6,7,null,null,"Benalla (RC)",null,null,null,null,216,null,null,null,null,null,null,null,null,null,null,null,null,null,null,null,null,8,null,null,null,null,null,null,null,null,null,null,6,null,null,null,null,null,8,null,null,null,null,null,null,null,null,5,null,null,null,null,null,null,null,null,null,null,null,null,null,null,null,null,null,null,null,null,null,null,null,null,null,null,258,280,220,null,275,null,null,null,null,null,200,null,null,null,null,null,null,215,null,null,null,null,null,248,null,null,null,null,280,null,null,null,null,null,null,null,null,null,null,null,null,null,null,5,null,null,null,null,null,null,null,null,null,null,null
103,"21110",119,125,136,122,99,105,110,87,83,107,120,101,118,149,102,117,153,123,"Boroondara (C)",120,600,550,525,550,545,510,77,86,64,57,66,67,72,77,92,498,102,99,131,83,129,141,136,95,78,50,85,63,300,107,129,91,179,165,132,181,192,156,106,96,77,79,97,75,132,133,139,129,92,118,69,310,320,290,320,126,430,450,370,395,330,355,420,460,300,300,290,320,340,345,360,400,483,520,540,550,480,590,595,590,465,345,365,400,428,320,315,340,320,293,495,500,500,550,530,298,530,540,585,65,72,570,600,515,69,550,68,530,70,519,80,525,80,509,79,57,70,300,320,300,320,350,380,320,330,300,429,450
89,"21180",148,131,103,140,121,127,131,108,103,88,144,127,146,169,135,134,142,123,"Brimbank (C)",140,345,330,330,320,310,300,109,109,112,87,79,106,93,123,127,300,137,144,145,106,133,149,143,93,98,107,71,122,180,112,107,114,152,154,118,202,156,146,77,92,110,117,87,120,159,174,110,167,128,156,134,190,190,185,190,124,250,270,220,230,190,210,260,280,190,185,194,195,190,200,210,233,310,310,320,320,300,330,343,350,280,195,210,230,250,190,190,200,190,180,290,300,300,310,323,175,320,340,348,84,91,340,350,320,117,330,104,303,127,310,113,300,98,288,122,94,97,193,200,180,185,200,210,190,195,175,240,270
null,"21270",null,null,null,null,null,null,null,null,null,null,null,null,null,null,null,null,null,null,"Buloke (S)",null,null,null,null,null,null,null,null,null,null,null,null,null,null,null,null,null,null,null,null,null,null,null,null,null,null,null,null,null,null,null,null,null,null,null,null,null,null,null,null,null,null,null,null,null,null,null,null,null,null,null,null,null,null,null,null,null,null,null,null,null,null,null,null,null,null,null,null,null,null,null,null,null,null,null,null,null,null,null,null,null,null,null,null,null,null,null,null,null,null,null,null,null,null,null,null,null,null,null,null,null,null,null,null,null,null,null,null,null,null,null,null,null,null,null,null,null,null,null,null,null,null,null,null,null,null,null,null,null
10,"21370",5,9,null,null,8,8,7,8,8,9,9,7,9,14,12,7,9,9,"Campaspe (S)",7,270,310,null,262,260,250,null,6,11,11,13,9,null,5,null,240,9,5,7,7,12,null,12,9,8,6,null,5,165,6,9,null,8,7,13,11,11,11,9,5,6,7,null,6,14,10,12,11,10,7,9,null,190,null,175,7,230,260,220,210,null,188,240,230,165,null,185,175,180,240,230,233,255,245,260,250,230,315,285,315,230,null,null,225,230,175,185,null,180,173,null,240,265,270,240,170,280,283,280,5,8,265,270,273,null,270,10,280,null,238,8,240,9,240,6,null,13,null,210,173,null,240,210,190,212,null,235,238
5,"21450",9,10,10,7,13,20,14,10,28,6,40,23,50,60,45,43,42,40,"Cardinia (S)",56,320,310,290,285,270,283,12,8,9,11,10,10,7,13,10,275,30,26,36,17,37,40,45,23,8,18,9,5,150,20,27,28,36,49,45,53,35,52,9,5,11,10,null,null,55,49,39,41,28,37,37,175,190,150,168,51,240,250,200,225,195,193,250,265,165,null,null,180,190,195,193,225,283,280,285,300,260,300,320,320,240,185,200,200,230,170,175,195,190,155,260,280,280,285,290,155,293,300,310,12,7,310,320,290,16,290,11,275,9,290,11,280,21,270,24,7,9,170,165,150,158,200,205,180,180,155,230,250
44,"21610",57,63,95,42,80,70,62,47,72,40,76,87,105,105,91,86,106,112,"Casey (C)",105,350,345,325,320,310,310,42,68,54,37,55,54,59,60,94,300,68,79,75,73,89,98,89,70,73,52,40,56,160,63,49,70,102,97,83,94,107,94,39,36,45,65,40,44,85,83,91,103,59,90,55,185,190,170,185,108,280,280,211,225,200,205,273,280,170,180,183,185,200,210,220,250,310,310,320,330,300,330,340,350,280,210,210,230,250,185,185,185,195,150,285,300,300,318,322,150,320,336,350,67,27,335,350,320,99,330,54,310,59,310,36,300,60,290,58,48,55,190,185,160,185,215,220,195,195,165,250,268
null,"21670",null,null,null,null,null,null,null,null,null,null,null,null,null,null,null,null,null,null,"Central Goldfields (S)",null,null,null,null,null,null,null,null,null,null,null,null,null,null,null,null,null,null,null,null,null,null,null,null,null,null,null,null,null,null,null,null,null,null,null,null,null,null,null,null,null,null,null,null,null,null,null,null,5,null,null,null,null,null,null,null,null,null,null,null,null,null,null,null,null,null,null,null,null,null,null,null,null,null,null,null,null,null,null,null,null,null,null,null,null,null,null,null,null,null,null,null,null,null,null,null,null,null,null,null,null,null,null,null,null,null,250,null,null,null,null,null,null,null,null,null,null,null,null,null,null,null,null,null,null,null,null,null,null
null,"21750",null,null,null,null,null,5,null,null,null,null,6,9,8,8,8,null,12,7,"Colac-Otway (S)",10,300,null,285,null,null,null,6,null,7,null,null,null,null,5,null,250,6,null,null,5,null,7,null,6,null,null,null,null,null,null,7,null,9,12,null,5,null,null,null,null,5,5,null,5,6,7,8,5,5,5,null,null,180,125,null,9,null,230,230,null,null,null,230,null,null,null,190,200,170,null,null,null,310,270,null,290,270,300,273,350,null,null,null,null,null,null,null,null,null,null,null,240,null,235,null,null,null,300,333,null,null,330,310,293,null,290,null,270,null,300,null,null,null,270,null,null,null,null,null,null,null,null,null,null,null,null,260,null
null,"21830",null,null,null,null,null,null,null,null,null,null,7,null,null,null,null,null,null,null,"Corangamite (S)",null,null,null,null,null,null,null,null,null,null,null,null,null,null,null,null,null,null,null,null,null,null,null,null,null,null,null,null,null,null,null,null,null,null,null,null,null,null,5,null,null,null,null,null,null,null,null,null,null,null,null,null,null,null,null,null,null,null,null,null,null,null,null,null,null,null,null,null,null,null,null,null,null,600,null,null,null,null,null,null,null,null,null,null,null,null,null,null,null,null,null,null,null,null,null,null,null,270,null,null,null,null,null,null,null,null,null,null,null,null,null,null,null,null,null,null,null,null,null,null,null,null,null,null,null,null,null,null,null
70,"21890",66,52,62,54,68,66,49,53,56,58,82,66,92,93,88,74,113,118,"Darebin (C)",111,430,403,385,400,390,383,45,51,60,58,60,49,49,48,56,370,73,62,83,72,79,92,106,50,58,46,39,48,210,52,80,72,121,124,115,125,116,127,33,49,44,47,52,52,106,97,67,84,58,77,58,220,220,195,205,84,350,341,255,296,230,250,340,340,210,212,230,220,230,250,260,300,365,360,370,410,350,430,420,435,350,243,240,280,330,200,225,223,215,210,350,370,386,400,420,175,400,440,450,48,33,420,430,400,52,405,39,380,48,400,38,355,51,365,61,48,50,220,233,200,220,250,280,230,245,206,300,350
10,"22110",10,6,5,10,5,8,7,6,11,null,20,11,17,8,16,14,13,10,"East Gippsland (S)",14,265,295,295,270,290,233,13,7,10,null,12,null,9,11,null,240,9,15,10,null,18,17,17,7,10,8,null,11,null,13,11,5,9,15,13,22,14,12,null,6,null,10,9,5,20,12,14,12,8,10,6,150,150,135,null,13,203,null,190,null,null,165,210,240,128,135,150,null,183,180,208,197,195,283,260,280,240,300,310,265,210,155,220,220,210,140,143,null,210,123,187,275,232,263,298,null,236,250,280,6,8,245,310,290,7,273,5,248,null,270,8,260,13,245,13,7,6,145,150,140,150,155,160,145,160,null,230,250
41,"22170",56,94,63,39,80,113,68,81,76,42,126,111,117,131,139,131,122,120,"Frankston (C)",116,360,350,330,325,330,310,52,106,84,67,77,53,52,56,92,310,92,135,139,112,145,128,113,82,97,70,42,86,160,80,105,91,107,94,128,153,133,136,48,47,70,84,51,65,123,156,118,109,85,118,107,190,190,160,175,116,260,285,220,240,195,205,260,285,175,170,190,185,200,203,218,240,320,320,330,330,300,345,360,360,280,200,225,220,260,175,175,188,195,170,290,310,330,330,330,155,331,350,360,63,67,340,358,330,92,335,87,313,52,323,48,330,89,295,85,57,60,175,190,160,170,215,230,195,200,155,240,275
null,"22250",null,null,null,null,null,null,null,null,null,null,null,null,null,null,null,null,null,null,"Gannawarra (S)",null,null,null,null,null,null,null,null,null,null,null,null,null,null,null,null,null,null,null,null,null,null,null,null,null,null,null,null,null,null,null,null,null,null,null,null,null,null,null,null,null,null,null,null,null,null,null,null,null,null,null,null,null,null,null,null,null,null,null,null,null,null,null,null,null,null,null,null,null,null,null,null,null,null,null,null,null,null,null,null,null,null,null,null,null,null,null,null,null,null,null,null,null,null,null,null,null,null,null,null,null,null,null,null,null,null,null,null,null,null,null,null,null,null,null,null,null,null,null,null,null,null,null,null,null,null,null,null,null
9,"22830",18,20,13,14,24,21,14,23,26,13,26,22,24,28,20,16,22,20,"Greater Shepparton (C)",18,310,300,285,265,285,280,12,16,12,18,18,15,12,19,18,250,15,16,21,21,18,18,20,20,25,9,11,14,180,12,20,24,26,24,18,32,35,26,11,12,21,11,15,18,34,24,21,23,21,23,24,200,200,158,180,24,250,250,230,220,225,200,220,243,210,230,188,190,230,230,190,240,259,248,293,285,258,280,310,243,250,195,250,230,250,165,170,168,190,170,250,255,275,268,290,160,305,320,298,9,17,300,300,288,11,305,8,255,10,280,10,270,17,250,26,9,24,195,238,170,180,230,250,200,203,160,250,240
null,"22910",null,null,null,null,null,null,null,null,null,null,null,null,null,null,null,null,null,null,"Hepburn (S)",null,null,null,null,null,null,null,null,null,null,null,null,null,null,null,null,null,null,null,null,null,null,null,null,null,null,null,null,null,null,null,null,null,null,null,null,null,null,null,null,null,null,5,null,null,null,null,null,null,null,null,null,null,null,null,null,null,null,null,null,null,null,null,null,null,null,null,null,null,180,null,null,null,null,null,null,null,null,null,null,null,null,null,null,null,null,null,null,null,null,null,null,null,null,null,null,null,null,null,null,null,null,null,null,null,null,null,null,null,null,null,null,null,null,null,null,null,null,null,null,null,null,null,null,null,null,null,null,null
null,"22980",null,null,null,null,null,null,null,null,null,null,null,null,null,null,null,null,null,null,"Hindmarsh (S)",null,null,null,null,null,null,null,null,null,null,null,null,null,null,null,null,null,null,null,null,null,null,null,null,null,null,null,null,null,null,null,null,null,null,null,null,null,null,null,null,null,null,null,null,null,null,null,null,null,null,null,null,null,null,null,null,null,null,null,null,null,null,null,null,null,null,null,null,null,null,null,null,null,null,null,null,null,null,null,null,null,null,null,null,null,null,null,null,null,null,null,null,null,null,null,null,null,null,null,null,null,null,null,null,null,null,null,null,null,null,null,null,null,null,null,null,null,null,null,null,null,null,null,null,null,null,null,null,null
30,"23110",27,33,18,29,37,32,39,30,39,30,49,37,46,67,68,52,69,43,"Hobsons Bay (C)",53,480,440,425,340,360,350,32,38,19,38,27,38,38,20,29,355,47,41,41,36,45,62,70,41,30,24,32,34,205,33,40,44,59,54,41,58,66,66,20,19,25,27,34,25,70,36,43,52,42,44,26,218,200,205,210,53,350,350,240,270,210,203,280,320,195,210,210,220,220,240,250,288,350,385,340,370,350,450,485,450,300,210,230,250,305,200,220,188,205,190,345,353,360,368,375,195,450,425,413,30,33,440,490,388,23,375,24,345,18,395,18,365,38,328,33,11,31,210,220,195,198,213,260,215,220,230,300,370
9,"23190",null,null,null,null,10,9,6,5,9,null,7,null,14,12,5,9,23,11,"Horsham (RC)",12,280,315,270,null,250,205,5,7,7,null,8,5,null,null,null,248,6,7,7,null,null,5,12,6,7,null,null,null,null,null,8,null,16,11,6,7,12,9,null,null,null,null,null,null,5,5,8,7,null,11,5,null,null,140,145,14,235,null,200,null,null,200,235,null,null,null,null,null,null,null,null,190,230,300,300,285,null,265,280,260,250,null,228,null,190,170,null,null,null,125,null,245,268,260,278,null,295,295,300,5,5,315,315,325,null,330,null,285,null,320,null,185,5,null,5,8,null,null,null,120,null,150,223,null,178,null,220,200
33,"23270",42,32,36,30,54,44,50,40,52,38,77,70,112,101,75,102,124,80,"Hume (C)",100,343,330,330,310,310,315,45,58,40,42,48,36,54,59,33,310,51,82,82,47,65,88,85,46,51,48,35,31,173,43,63,64,83,94,93,106,107,108,40,41,38,33,35,32,117,96,86,104,50,88,43,200,200,180,180,84,260,285,220,230,200,200,278,295,180,185,190,200,200,210,225,250,320,310,320,320,300,325,335,350,280,195,210,220,260,185,190,200,200,173,300,310,320,320,320,170,330,330,350,34,32,330,350,320,48,320,40,300,40,310,45,320,47,300,50,53,42,188,198,170,183,200,230,200,200,170,255,280
5,"23350",null,null,null,null,null,null,null,null,null,null,null,null,null,null,null,null,null,null,"Indigo (S)",null,null,null,null,null,240,null,null,null,null,null,null,5,null,null,null,null,null,null,5,null,null,null,null,null,null,null,null,null,null,null,null,null,null,null,null,null,null,null,null,null,null,null,null,null,null,null,null,null,null,null,null,null,null,null,130,null,null,null,null,null,null,null,null,null,null,null,null,null,null,null,null,null,null,null,null,null,null,null,null,null,null,null,null,null,null,null,null,null,null,null,null,null,null,null,null,null,null,null,null,null,null,null,null,null,null,null,null,null,null,null,null,null,null,null,null,null,null,null,null,135,null,null,null,null,null,null,null,null
null,"24130",null,6,null,null,5,null,5,null,5,null,12,12,13,23,12,9,20,15,"Macedon Ranges (S)",10,370,333,335,320,350,310,5,null,null,null,7,null,null,null,null,300,5,15,9,6,8,9,14,5,7,6,null,null,null,null,13,7,23,12,13,10,16,14,null,null,null,7,null,null,23,12,13,17,8,13,6,null,null,150,null,15,260,258,null,null,null,null,250,null,null,null,null,null,220,null,252,220,335,318,390,340,315,350,385,400,260,218,null,null,233,null,null,null,null,null,285,300,320,328,340,null,370,360,365,null,null,360,390,335,5,350,null,330,null,320,null,340,10,293,8,null,null,null,null,null,null,null,220,198,200,null,null,255
73,"24210",62,72,61,74,40,76,88,42,60,62,76,72,96,92,73,76,94,97,"Manningham (C)",96,480,468,440,430,440,430,62,69,62,37,68,61,60,76,72,390,66,69,81,82,70,85,90,57,42,31,65,42,220,70,61,57,89,105,98,69,105,72,52,44,88,76,53,69,78,76,65,86,54,79,60,265,260,250,250,98,370,368,295,320,278,290,357,380,230,250,270,260,263,298,285,353,413,410,430,425,390,453,445,500,380,260,300,305,350,233,250,260,273,238,385,420,408,425,450,235,485,480,510,74,58,460,500,470,55,475,70,420,59,420,57,430,52,383,54,42,38,263,250,240,240,290,340,265,280,220,350,376
5,"24250",null,null,null,null,null,null,null,null,null,null,null,null,null,null,null,null,null,null,"Mansfield (S)",5,300,null,null,null,null,null,null,null,null,null,null,null,null,null,null,null,null,null,null,null,null,null,null,null,5,null,null,null,null,5,null,null,null,7,null,null,null,null,null,null,null,null,null,null,6,null,6,null,null,null,null,null,null,null,null,5,null,null,null,null,null,null,null,195,null,null,null,null,null,null,null,230,null,null,null,null,null,null,null,null,null,null,null,null,null,null,null,null,null,null,null,null,null,null,null,null,null,null,290,null,null,320,330,280,null,null,null,null,null,null,null,null,null,null,null,null,null,null,null,130,null,null,null,null,null,null,null,null
17,"24330",40,26,25,13,43,28,32,23,23,16,48,36,39,60,44,43,96,53,"Maribyrnong (C)",72,450,430,420,410,365,368,15,24,21,25,29,12,17,21,27,360,32,42,38,29,50,43,60,18,23,23,9,18,211,29,39,44,85,100,47,71,89,61,7,11,17,24,19,24,85,57,66,52,33,65,33,240,240,180,228,62,340,361,290,340,250,240,370,390,200,240,220,220,230,243,290,300,390,400,400,430,365,400,440,450,360,248,278,310,330,190,240,275,260,195,370,380,390,420,410,170,430,430,488,11,10,420,440,420,22,400,25,385,23,410,15,400,34,380,36,18,29,250,250,230,200,270,300,240,233,200,300,350
51,"24410",71,84,91,53,62,62,85,61,72,50,103,72,110,116,111,98,114,98,"Maroondah (C)",115,400,400,398,365,350,365,70,65,70,62,89,71,84,76,77,345,71,69,69,70,97,110,103,68,63,57,54,65,195,84,78,66,114,111,104,99,92,124,44,74,53,82,66,65,91,108,107,94,94,99,99,203,210,200,200,114,310,330,240,270,220,230,300,330,200,210,220,210,230,235,255,290,360,350,360,375,330,400,408,413,310,230,248,260,315,207,210,210,220,200,335,355,353,360,380,180,390,400,400,48,39,400,423,375,86,385,60,360,70,360,69,360,53,340,76,40,58,210,220,200,200,240,260,220,220,178,290,320
168,"24600",185,222,165,142,209,162,207,160,200,108,191,202,251,277,236,198,295,308,"Melbourne (C)",237,770,730,700,691,705,680,99,148,135,116,151,85,140,121,139,660,191,176,215,184,208,239,221,116,139,129,125,120,380,170,247,229,405,376,252,342,382,381,107,86,136,138,108,129,238,200,184,237,187,202,145,430,460,410,410,231,610,650,520,584,450,485,650,660,418,413,450,450,450,478,580,590,700,700,710,750,670,760,775,788,678,465,518,580,630,425,450,490,480,390,650,660,700,705,720,400,730,750,795,90,83,800,795,710,128,750,115,700,104,705,94,700,145,675,150,117,136,430,435,380,390,480,550,450,470,400,610,650
13,"24650",12,14,13,14,35,39,32,33,43,12,93,79,74,102,83,86,81,75,"Melton (C)",80,310,320,295,280,270,280,13,33,27,40,46,10,14,21,22,280,63,67,70,65,92,71,80,49,40,28,6,23,160,54,64,74,94,73,122,67,85,106,9,12,8,30,7,8,107,82,85,93,80,79,64,180,190,170,165,69,250,250,208,225,195,200,260,260,178,195,190,195,193,200,210,220,280,270,280,283,270,300,310,320,250,200,208,220,230,160,175,190,200,155,260,270,280,270,290,150,308,320,320,13,10,310,320,290,29,300,16,275,15,273,10,270,55,265,60,20,31,183,180,160,165,200,210,190,195,170,230,250
18,"24780",15,16,15,12,12,22,17,23,9,10,28,20,20,18,12,8,15,8,"Mildura (RC)",11,260,250,245,230,240,230,16,10,12,18,18,12,12,13,9,215,9,15,13,15,9,27,17,22,14,14,19,7,150,22,18,22,15,17,17,25,28,13,11,10,16,17,12,12,22,15,12,26,8,17,11,170,180,150,163,12,203,210,185,213,170,168,200,225,163,180,185,180,195,180,205,205,240,225,240,275,215,268,280,260,200,175,190,185,200,168,160,178,195,155,215,220,245,250,265,150,270,260,280,12,7,268,290,280,11,270,8,220,14,280,14,230,20,205,21,10,10,173,180,168,155,220,210,168,195,170,195,195
5,"24850",null,6,null,null,6,10,7,9,6,null,14,11,18,17,10,17,13,17,"Mitchell (S)",24,305,295,280,290,260,280,null,7,6,null,18,null,null,5,8,null,null,12,11,7,15,17,18,9,7,null,null,9,null,11,16,null,22,19,20,32,21,15,null,null,8,6,null,null,21,11,11,18,5,17,9,null,200,null,null,12,240,240,215,null,195,190,240,250,null,null,null,215,195,210,null,230,290,285,280,293,270,295,290,310,238,200,null,220,240,null,150,205,203,null,null,310,288,280,280,null,280,293,300,null,null,300,305,295,10,288,6,300,8,280,7,275,6,250,6,null,8,null,null,150,null,210,215,188,205,null,220,248
9,"24900",null,null,5,5,13,5,null,5,13,13,5,11,13,10,12,14,14,12,"Moira (S)",15,320,230,320,300,260,290,7,6,null,9,10,7,6,9,null,225,14,11,5,12,13,16,13,null,5,6,7,8,145,10,10,9,9,10,10,15,9,18,null,5,6,6,8,5,16,11,9,10,11,14,null,143,150,145,150,null,245,240,null,210,null,205,null,235,150,143,175,160,178,160,200,170,250,260,250,285,195,288,283,243,215,185,193,null,200,135,null,null,null,145,275,275,255,255,250,null,265,270,270,7,7,280,null,290,5,285,null,268,null,250,null,null,5,220,10,10,null,150,null,145,150,180,200,null,null,140,250,230
181,"24970",232,235,188,219,186,194,198,189,185,139,178,151,239,248,200,202,295,231,"Monash (C)",216,470,460,440,430,400,420,153,154,119,103,139,138,129,176,138,400,188,201,183,172,228,248,239,159,136,132,133,143,230,173,256,237,306,342,283,279,294,336,143,144,159,133,157,144,218,201,232,208,158,177,141,240,275,230,250,187,385,390,300,330,265,275,380,390,230,250,253,260,270,295,310,330,400,408,425,435,400,450,495,490,380,270,280,330,355,240,250,260,260,230,390,400,415,427,430,215,440,470,470,104,121,460,480,420,143,450,131,420,156,420,125,400,143,390,126,97,133,250,260,220,245,290,310,260,273,220,350,380
55,"25060",85,70,57,55,53,65,68,38,63,51,56,57,82,91,66,68,98,64,"Moonee Valley (C)",90,450,450,438,405,420,399,55,51,42,44,53,51,43,48,46,375,58,63,71,59,87,66,71,65,51,35,58,50,220,65,70,62,82,94,82,88,82,100,47,72,59,49,49,48,83,64,50,78,42,75,28,230,238,250,245,74,360,360,268,310,250,240,360,366,230,230,245,260,250,260,260,310,390,400,415,430,380,440,460,473,360,270,275,310,350,253,240,260,250,230,360,388,400,400,440,220,440,463,475,74,44,450,450,410,47,420,45,420,52,410,43,365,47,361,44,36,38,250,250,220,250,270,280,255,253,240,340,350
null,"25150",null,null,null,null,null,null,null,null,null,null,8,5,6,18,13,9,12,13,"Moorabool (S)",10,313,320,300,285,310,270,null,null,null,null,null,5,null,null,null,null,null,6,7,null,9,8,9,null,null,null,null,null,null,6,null,null,10,11,null,11,14,null,null,null,null,null,5,null,9,12,6,9,null,9,10,null,null,null,150,8,null,null,null,null,null,null,null,253,null,170,null,null,null,null,null,null,293,300,260,305,270,310,300,325,null,null,null,null,null,null,null,null,null,null,null,null,null,236,270,null,null,303,300,null,null,295,315,275,null,280,null,250,null,278,null,290,null,null,null,null,null,null,null,null,null,null,null,null,null,null,null,null
63,"25250",79,62,69,74,57,70,80,42,66,42,99,86,121,123,89,102,171,143,"Moreland (C)",154,430,420,398,400,380,390,54,56,47,47,45,44,45,44,34,380,97,122,125,66,95,140,148,59,41,47,24,49,210,75,105,81,161,167,129,132,155,173,41,33,33,46,41,45,163,115,115,136,81,117,63,225,215,220,205,132,350,350,270,310,235,238,360,370,210,220,230,220,240,240,285,330,380,390,393,400,375,410,440,450,380,250,270,300,338,240,260,240,250,221,400,390,390,420,420,195,400,420,450,43,40,420,450,395,45,400,54,395,32,395,47,380,48,370,52,31,38,235,240,200,210,263,315,235,255,183,326,373
23,"25340",47,40,36,46,71,61,39,43,62,26,105,84,120,141,95,114,128,123,"Mornington Peninsula (S)",99,380,370,350,340,355,340,43,47,55,60,80,28,32,43,49,340,74,93,111,83,101,90,77,88,54,36,38,60,138,77,80,80,105,95,99,130,125,104,29,39,34,55,37,26,147,96,111,99,89,104,79,193,225,175,183,123,290,310,230,250,185,230,310,320,165,190,180,193,215,220,240,263,340,340,350,350,350,380,395,400,300,210,215,238,290,165,185,190,200,150,310,350,330,350,355,140,360,365,400,29,37,375,390,350,45,360,36,360,31,350,35,350,65,335,91,43,40,180,195,160,185,230,260,208,220,148,270,308
26,"22750",44,43,33,36,32,50,48,32,66,36,80,68,119,147,94,82,125,92,"Greater Geelong (C)",126,353,340,330,340,330,320,34,41,51,39,43,47,33,31,38,325,74,80,97,65,115,131,114,55,30,44,32,38,180,53,87,71,138,148,94,150,128,142,24,50,28,34,34,26,127,98,99,134,68,95,63,180,190,155,165,137,255,280,215,255,195,220,280,280,164,170,180,200,210,215,240,243,330,330,335,325,308,330,350,350,288,210,220,248,270,170,185,195,200,150,300,330,340,335,339,140,329,340,360,39,35,350,350,330,28,330,34,330,28,330,28,330,53,300,60,29,42,183,188,175,165,230,268,210,215,150,250,288
null,"26700",null,null,null,null,null,null,5,7,null,null,7,5,null,null,11,6,10,9,"Wangaratta (RC)",null,null,null,230,295,263,225,null,7,6,null,8,null,null,null,5,260,7,7,6,9,9,5,null,5,null,null,null,null,null,5,10,11,6,11,5,null,9,5,5,null,7,null,null,null,null,9,null,11,5,null,null,null,null,null,null,null,268,275,215,null,170,210,275,185,null,null,null,180,null,null,null,null,260,210,290,null,275,null,258,270,200,null,null,null,null,null,null,null,null,null,250,250,280,null,300,120,260,298,280,null,null,null,null,null,null,275,null,null,null,280,null,null,null,260,7,null,null,null,null,null,null,175,null,null,200,null,null,null
14,"26730",13,23,16,18,11,14,27,18,14,19,16,12,13,24,15,11,21,20,"Warrnambool (C)",16,325,320,320,303,308,285,11,11,17,16,8,9,13,12,9,300,15,12,18,17,26,19,13,13,11,11,11,9,145,12,11,13,25,27,26,25,33,19,8,20,13,14,14,14,14,23,null,15,8,22,15,170,195,160,165,10,270,280,250,253,240,240,260,295,160,168,185,230,220,220,240,210,305,320,290,320,325,295,270,328,260,230,210,245,250,null,185,200,230,168,320,260,345,300,300,168,300,300,290,null,8,null,310,300,14,300,13,300,8,300,6,350,15,245,21,7,12,190,210,163,180,235,250,180,200,140,220,280
72,"23670",71,91,60,61,62,76,80,65,90,51,112,94,108,141,112,105,152,120,"Knox (C)",122,390,380,380,360,368,360,68,94,70,87,86,58,73,100,79,350,62,109,88,98,112,104,104,77,73,65,48,58,195,89,86,77,93,112,86,109,110,103,44,44,73,100,58,51,124,117,126,113,73,109,87,215,218,200,210,118,310,320,250,265,220,240,300,340,200,220,220,225,230,248,250,270,350,360,360,360,340,380,395,415,310,230,250,260,300,205,210,220,230,200,340,353,350,360,360,190,380,380,400,70,56,390,400,370,86,370,68,350,64,370,56,350,72,345,87,66,87,210,210,198,200,240,260,220,220,185,288,310
null,"23940",null,null,null,null,null,null,null,null,null,null,null,null,null,null,null,null,null,null,"Loddon (S)",null,null,null,null,null,null,null,null,null,null,null,null,null,null,null,null,null,null,null,null,null,null,null,null,null,null,null,null,null,null,null,null,null,null,null,null,null,null,null,null,null,null,null,null,null,null,null,null,null,null,null,null,null,null,null,null,null,null,null,null,null,null,null,null,null,null,null,null,null,null,null,null,null,null,null,null,null,null,null,null,null,null,null,null,null,null,null,null,null,null,null,null,null,null,null,null,null,null,null,null,null,null,null,null,null,null,null,null,null,null,null,null,null,null,null,null,null,null,null,null,null,null,null,null,null,null,null,null,null
6,"26810",11,7,10,5,17,18,6,11,10,6,14,9,13,13,20,5,17,18,"Wellington (S)",16,305,310,295,248,270,250,5,5,null,15,11,7,9,6,6,300,11,9,14,10,20,13,9,13,5,9,7,null,135,11,17,15,13,21,13,15,14,17,6,10,8,13,9,6,12,6,17,13,9,7,7,160,165,150,140,15,245,265,null,250,205,235,290,200,130,140,140,155,190,null,220,280,285,270,310,310,170,315,300,300,280,160,180,240,210,128,null,148,null,130,265,235,260,250,280,123,340,300,300,6,7,350,280,245,11,330,null,260,8,235,null,290,6,280,11,5,5,125,160,133,153,185,250,180,170,135,238,220
null,"26890",null,null,null,null,null,null,null,null,null,null,null,null,null,null,null,null,null,null,"West Wimmera (S)",null,null,null,null,null,null,null,null,null,null,null,null,null,null,null,null,null,null,null,null,null,null,null,null,null,null,null,null,null,null,null,null,null,null,null,null,null,null,null,null,null,null,null,null,null,null,null,null,null,null,null,null,null,null,null,null,null,null,null,null,null,null,null,null,null,null,null,null,null,null,null,null,null,null,null,null,null,null,null,null,null,null,null,null,null,null,null,null,null,null,null,null,null,null,null,null,null,null,null,null,null,null,null,null,null,null,null,null,null,null,null,null,null,null,null,null,null,null,null,null,null,null,null,null,null,null,null,null,null
104,"26980",111,97,95,81,89,110,104,81,106,93,145,128,138,166,145,124,193,166,"Whitehorse (C)",163,480,473,450,430,415,420,101,94,79,80,72,90,95,77,96,400,131,139,139,91,136,160,130,80,68,63,71,75,230,118,141,124,176,166,153,178,200,177,72,66,97,104,80,93,149,123,162,127,92,144,94,250,260,225,233,168,356,385,290,323,270,275,355,395,235,240,250,250,270,280,300,350,405,410,428,438,400,461,495,500,380,275,293,325,360,250,250,260,265,235,395,410,430,440,423,200,450,465,470,87,88,450,485,430,75,440,72,418,79,430,68,400,90,393,90,64,65,260,265,250,250,285,320,255,270,215,350,395
55,"27070",63,75,66,50,51,48,65,62,53,44,68,39,52,66,72,57,100,70,"Whittlesea (C)",70,340,325,320,310,300,320,59,57,42,52,45,57,65,53,53,300,45,50,39,55,65,57,56,44,45,41,56,44,185,54,54,44,73,73,67,59,92,75,41,50,49,56,57,58,75,72,52,53,44,54,45,200,200,195,190,69,280,300,225,245,215,210,290,298,185,195,210,210,210,220,220,250,320,310,315,320,310,330,340,345,300,208,220,245,270,195,200,200,200,185,300,310,310,300,320,180,320,340,350,67,40,330,340,315,62,320,63,310,42,310,59,305,37,300,37,45,49,200,200,190,190,220,235,200,215,178,258,290
22,"27260",51,56,29,30,54,69,56,67,55,17,75,77,88,122,81,95,137,75,"Wyndham (C)",115,330,310,300,280,280,280,20,78,59,65,69,24,34,32,59,275,70,88,89,63,91,105,110,64,55,65,24,42,150,75,68,68,90,95,120,117,126,110,27,28,52,59,19,25,125,97,84,98,82,92,67,178,190,160,170,91,250,255,205,220,190,200,250,250,163,185,175,185,195,190,210,220,280,275,280,300,275,310,320,330,255,190,200,210,230,170,173,190,185,165,260,270,280,275,298,155,300,310,320,25,26,320,330,300,53,300,60,280,27,280,20,270,57,263,67,65,62,180,180,158,165,200,210,190,190,160,230,245
50,"27350",37,35,48,37,39,51,45,32,29,28,38,37,56,56,51,54,77,63,"Yarra (C)",52,735,750,693,675,673,650,39,34,33,32,29,37,24,23,20,620,25,53,46,33,63,54,50,38,25,26,35,30,338,52,50,37,63,68,53,80,91,55,32,31,23,31,34,25,71,36,33,58,39,47,30,320,370,370,355,54,560,590,450,473,350,400,520,580,400,360,400,380,380,400,433,480,628,630,695,673,595,680,720,750,600,408,485,480,550,370,360,368,430,365,560,650,695,650,700,345,730,730,750,28,18,770,718,700,28,710,20,660,24,698,21,648,33,595,25,31,28,350,350,350,355,383,500,400,355,330,550,550
15,"27450",16,15,15,12,21,22,18,14,40,18,50,28,38,59,56,45,70,50,"Yarra Ranges (S)",51,395,380,375,370,350,350,7,25,20,23,25,15,21,14,20,350,45,50,48,32,51,69,47,42,27,20,7,22,180,38,37,37,39,41,47,51,52,44,12,14,24,16,9,23,69,47,50,60,29,45,30,215,220,175,180,46,285,325,238,280,190,220,330,340,180,180,200,215,205,233,235,260,350,350,350,380,330,375,398,415,301,220,240,255,290,185,190,220,218,185,350,350,360,360,350,163,395,390,390,11,18,397,390,360,26,380,24,345,16,365,16,350,25,350,28,14,26,185,185,185,185,220,250,200,223,155,270,320
null,"27630",null,null,null,null,null,null,null,null,null,null,null,null,null,null,null,null,null,null,"Yarriambiack (S)",null,null,null,null,null,null,null,null,null,null,null,null,null,null,null,null,null,null,null,null,null,null,null,null,null,null,null,null,null,null,null,null,null,null,null,null,null,null,null,null,null,null,null,null,null,null,null,null,null,null,null,null,null,null,null,null,null,null,null,null,null,null,null,null,null,null,null,null,null,null,null,null,null,null,null,null,null,null,null,null,null,null,null,null,null,null,null,null,null,null,null,null,null,null,null,null,null,null,null,null,null,null,null,null,null,null,null,null,null,null,null,null,null,null,null,null,null,null,null,null,null,null,null,null,null,null,null,null,null
10,"23810",10,8,14,9,13,16,10,12,17,11,12,9,15,27,14,11,14,25,"Latrobe (C) (Vic.)",18,260,260,250,240,258,260,10,15,11,7,5,6,11,6,16,250,10,17,8,11,13,13,12,8,10,11,9,8,165,9,7,21,16,18,20,17,25,25,9,8,7,10,9,6,20,16,12,23,14,19,8,140,158,128,115,17,300,240,170,200,155,170,228,220,125,160,158,190,150,210,180,155,230,233,230,285,220,265,283,250,220,null,170,150,185,null,110,150,145,null,235,230,233,280,255,160,285,260,235,null,null,240,270,283,null,255,12,210,9,250,9,178,7,225,9,5,11,145,168,125,140,165,170,150,170,120,208,220
null,"25490",null,null,null,null,null,null,null,null,null,null,null,null,null,null,6,null,null,null,"Moyne (S)",null,null,280,null,null,null,null,null,null,null,null,null,null,null,null,null,null,null,null,null,null,null,null,5,null,null,null,null,null,null,null,null,null,null,null,null,null,null,null,null,null,null,null,null,null,null,null,null,null,null,null,null,null,null,null,null,null,null,null,null,null,null,null,null,null,null,null,null,null,null,null,null,null,null,280,null,null,null,null,null,null,null,null,null,null,null,null,null,null,null,null,null,null,null,null,null,null,null,null,null,null,null,null,null,null,null,null,null,null,null,null,null,null,null,null,null,null,null,null,null,null,null,null,null,null,null,null,null,null
null,"25620",null,null,null,null,null,5,null,null,null,null,null,null,null,null,null,null,null,null,"Murrindindi (S)",null,null,null,null,null,null,null,null,null,null,null,null,null,null,null,null,null,null,null,null,null,null,null,null,null,null,null,null,null,null,null,null,null,null,null,null,null,null,null,null,null,null,null,null,null,null,null,null,null,null,null,null,null,null,null,null,null,null,null,null,null,null,null,null,null,null,null,null,null,null,null,null,null,null,null,null,null,null,null,null,null,null,null,null,null,null,null,null,null,null,null,null,null,null,null,null,null,null,null,null,null,null,null,null,null,null,null,null,null,null,null,null,null,null,null,null,null,null,null,null,null,null,null,null,null,null,null,190,null
10,"25710",15,13,13,11,17,15,14,7,15,16,18,15,22,32,11,18,14,19,"Nillumbik (S)",25,470,415,420,350,360,368,18,12,9,15,14,19,12,11,null,405,20,24,16,16,16,22,27,13,10,9,17,12,213,19,15,23,31,23,25,32,26,18,15,14,14,9,22,15,27,19,20,24,14,13,11,250,250,230,240,25,355,370,345,285,null,263,330,330,223,230,240,240,270,268,285,310,358,350,383,380,360,400,390,425,355,280,250,310,340,220,240,240,245,225,370,410,360,380,365,200,400,350,420,12,13,430,450,420,9,380,10,390,24,375,22,390,14,360,15,18,11,230,250,215,230,275,335,240,245,200,320,420
null,"25810",null,null,null,null,null,null,null,null,null,null,null,null,null,null,null,null,null,null,"Northern Grampians (S)",null,null,null,null,null,null,null,null,null,null,null,null,null,null,null,null,null,null,null,null,null,null,null,null,null,null,null,null,null,null,null,null,null,null,5,null,null,null,null,null,null,null,null,null,null,null,null,null,null,null,null,null,null,null,null,null,null,null,null,null,null,null,null,null,null,null,null,null,null,null,null,null,null,null,null,null,null,null,null,null,null,null,null,null,null,null,null,null,null,null,null,null,null,null,null,null,null,null,null,240,null,null,null,null,null,null,null,null,null,null,null,null,null,null,null,null,null,null,null,null,null,null,null,null,null,null,null,null,null
105,"25900",127,129,121,123,74,104,113,87,82,112,96,82,115,114,106,100,126,78,"Port Phillip (C)",97,685,680,655,660,650,665,86,96,86,74,100,119,106,106,112,650,79,84,93,77,109,106,107,81,68,55,126,71,390,73,68,73,111,110,101,98,122,104,87,107,94,101,103,98,96,78,92,82,62,92,61,413,398,378,410,90,573,580,438,503,408,450,570,550,370,405,400,393,420,445,480,478,670,650,625,650,598,688,728,658,570,435,450,533,580,420,470,420,430,368,580,610,650,675,670,380,635,720,695,95,92,700,720,640,86,748,75,685,90,630,81,650,66,618,51,48,74,420,395,360,400,440,460,395,420,350,598,650
null,"25990",null,null,null,null,null,null,null,null,null,null,null,null,null,null,null,null,null,null,"Pyrenees (S)",null,null,null,null,null,null,null,null,null,null,null,null,null,null,null,null,null,null,null,null,null,null,null,null,null,null,null,null,null,null,null,null,null,null,null,null,null,null,null,null,null,null,null,null,null,null,null,null,null,null,null,null,null,null,null,null,null,null,null,null,null,null,null,null,null,null,null,null,null,null,null,null,null,null,null,null,null,null,null,null,null,null,null,null,null,null,null,null,null,null,null,null,null,null,null,null,null,null,null,null,null,null,null,null,null,null,null,null,null,null,null,null,null,null,null,null,null,null,null,null,null,null,null,null,null,null,null,null,null
null,"26080",null,null,null,null,null,null,null,null,null,null,null,null,null,null,null,null,null,null,"Queenscliffe (B)",null,null,null,null,null,null,null,null,null,null,null,null,null,null,null,null,null,null,null,null,null,null,null,null,null,null,null,null,null,null,null,null,null,null,null,null,null,null,null,null,null,null,null,null,null,null,null,null,null,null,null,null,null,null,null,null,null,null,null,null,null,null,null,null,null,null,null,null,null,null,null,null,null,null,null,null,null,null,null,null,null,null,null,null,null,null,null,null,null,null,null,null,null,null,null,null,null,null,null,null,null,null,null,null,null,null,null,null,null,null,null,null,null,null,null,null,null,null,null,null,null,null,null,null,null,null,null,null,null
null,"26170",null,null,6,null,null,5,null,6,null,null,null,null,10,null,null,7,6,5,"South Gippsland (S)",5,260,null,250,null,235,null,null,null,null,null,null,null,null,null,null,null,null,null,6,5,null,6,null,5,null,null,null,null,null,null,null,null,5,9,null,7,10,5,null,null,null,null,null,null,null,5,null,null,null,null,null,null,null,null,null,null,null,220,null,null,null,null,220,null,null,null,null,null,null,null,null,null,null,null,250,263,null,null,263,270,null,null,null,null,null,null,null,null,null,null,null,null,null,245,258,null,270,265,280,null,null,null,null,null,null,null,null,null,null,260,null,null,null,null,null,null,null,null,null,null,140,145,null,null,null,null,220,null
23,"27170",15,17,18,17,16,28,19,16,26,23,19,17,22,15,20,17,28,28,"Wodonga (C)",41,290,275,290,295,270,298,22,13,13,10,25,10,12,17,11,235,18,24,17,27,17,26,20,24,24,10,14,12,150,23,28,25,26,21,32,34,30,19,15,12,8,9,18,15,27,13,18,28,21,20,14,165,165,155,165,13,230,240,220,225,185,200,245,260,155,160,165,170,200,215,230,213,250,240,320,280,245,300,283,305,233,190,260,205,240,150,155,190,183,150,275,263,265,273,275,150,320,295,280,11,24,295,280,275,12,283,8,260,15,250,11,222,18,230,22,6,13,165,175,150,150,235,233,190,185,150,235,220
28,"22620",26,17,29,17,24,38,27,34,33,20,27,37,48,77,56,55,57,75,"Greater Bendigo (C)",77,290,270,280,290,290,290,13,21,25,31,31,12,10,15,21,255,37,53,45,29,50,58,41,40,29,28,12,30,153,26,49,50,54,60,44,50,59,51,15,20,21,22,15,16,61,28,48,56,20,38,31,178,220,155,158,58,225,240,212,222,200,210,243,240,155,160,185,200,225,210,238,230,290,303,275,283,268,285,300,300,250,208,220,225,230,160,190,170,210,160,260,280,268,300,295,155,310,280,290,19,15,300,290,285,22,285,21,290,18,285,17,270,27,240,25,13,23,170,193,158,165,200,230,220,195,163,230,250
93,"22670",77,73,61,73,83,94,58,63,97,88,104,104,123,151,114,114,168,166,"Greater Dandenong (C)",106,370,350,347,340,330,320,72,72,66,60,77,71,72,67,48,320,77,98,116,105,110,116,141,71,52,54,65,77,160,84,74,71,129,136,122,135,147,141,51,68,61,92,59,61,120,133,114,132,92,90,81,175,185,160,165,142,280,305,220,250,185,200,300,300,160,170,170,180,198,208,220,250,315,328,330,350,320,350,360,380,300,195,215,235,277,165,178,173,186,160,300,320,327,330,340,157,350,365,370,63,45,353,380,350,87,348,57,328,66,339,42,325,71,315,85,54,75,165,175,165,160,211,230,185,200,155,261,295
79,"23430",92,92,91,110,87,90,85,67,97,92,128,92,132,152,123,109,136,102,"Kingston (C) (Vic.)",121,450,420,420,410,380,405,86,101,75,73,93,102,87,89,75,390,88,107,119,109,140,122,103,102,100,76,111,61,200,103,96,79,119,145,131,141,130,127,81,96,98,109,77,90,135,125,112,124,82,127,82,220,230,205,210,100,345,350,270,310,240,255,342,350,200,210,215,223,240,260,278,320,375,380,390,438,370,440,440,450,360,278,270,310,310,220,225,230,230,210,380,370,395,390,415,200,420,450,455,59,67,443,480,395,86,423,53,390,89,400,74,370,98,360,98,67,67,210,230,210,220,275,275,240,240,195,323,360
null,"25430",null,null,null,null,null,null,null,null,null,null,null,null,null,null,null,null,null,null,"Mount Alexander (S)",null,null,null,null,null,null,null,null,null,null,null,null,null,null,null,null,null,null,null,null,null,null,null,null,null,null,null,null,null,null,null,null,null,null,null,null,null,null,null,null,null,null,null,null,null,null,null,null,null,null,null,null,null,null,null,null,null,null,null,null,null,null,null,null,null,null,null,null,null,null,null,null,null,null,null,null,null,null,null,null,null,null,null,null,null,null,null,null,null,null,null,null,null,null,null,null,null,null,null,null,null,null,null,null,null,null,null,null,null,null,null,null,null,null,null,null,null,null,null,null,null,null,null,null,null,null,null,null,null
113,"22310",109,126,109,112,92,109,121,111,107,89,117,120,154,142,131,138,183,176,"Glen Eira (C)",150,555,520,510,500,490,488,84,109,68,78,82,78,64,89,93,485,117,138,123,113,136,173,133,78,93,70,77,91,260,93,137,107,176,188,170,165,220,185,87,78,85,78,92,92,132,103,121,131,105,138,93,278,300,268,293,136,420,435,340,380,300,320,430,450,263,280,305,300,310,320,353,360,495,480,495,500,458,500,550,570,460,300,350,370,410,293,283,305,290,260,450,465,500,480,500,255,520,550,550,78,84,540,593,511,83,550,69,520,74,500,70,485,117,450,91,74,86,300,300,270,280,325,353,300,320,265,400,430
null,"22410",null,null,null,null,null,null,null,null,7,null,null,6,null,null,5,null,null,null,"Glenelg (S)",9,250,250,null,null,null,null,null,null,null,null,null,null,null,null,null,220,7,null,null,null,null,null,7,5,null,5,null,null,null,null,10,6,5,null,null,5,null,9,null,8,null,null,null,null,7,5,null,null,null,null,null,null,null,null,null,null,null,null,null,null,null,null,255,null,115,null,null,null,null,null,250,null,null,240,null,null,245,null,null,null,null,null,null,null,null,null,null,null,null,null,253,250,null,210,null,null,250,250,null,null,null,null,null,250,null,null,null,null,null,255,null,null,null,null,null,null,null,null,null,null,null,null,null,null,null,null,null,180
null,"22490",null,null,null,null,null,null,null,null,null,null,null,null,null,null,null,null,null,null,"Golden Plains (S)",null,null,null,null,null,null,null,null,null,null,null,null,null,null,null,null,null,null,null,null,null,null,null,null,null,null,null,null,null,null,null,null,null,null,null,null,null,null,null,null,null,null,null,null,null,null,null,null,null,null,null,null,null,null,null,null,null,null,null,null,null,null,null,null,null,null,null,null,null,null,null,null,null,null,null,null,null,null,null,null,null,null,null,null,null,null,null,null,null,null,null,null,null,null,null,null,null,null,null,null,null,null,null,null,null,null,null,null,null,null,null,null,null,null,null,null,null,null,null,null,null,null,null,null,null,null,null,null,null
